<?xml version="1.0" encoding="UTF-8"?>
<!DOCTYPE mapper PUBLIC "-//mybatis.org//DTD Mapper 3.0//EN" "http://mybatis.org/dtd/mybatis-3-mapper.dtd">

<mapper namespace="com.xgsama.mall.member.dao.IntegrationChangeHistoryDao">

	<!-- 可根据自己的需求，是否要使用 -->
    <resultMap type="com.xgsama.mall.member.entity.IntegrationChangeHistoryEntity" id="integrationChangeHistoryMap">
        <result property="id" column="id"/>
        <result property="memberId" column="member_id"/>
        <result property="createTime" column="create_time"/>
        <result property="changeCount" column="change_count"/>
        <result property="note" column="note"/>
        <result property="sourceTyoe" column="source_tyoe"/>
    </resultMap>


</mapper>